"lakeID","lkmeanCPE","lksdCPE"
"AR",0.648148148148148,0.448017454690925
"BA",2.30492424242424,1.62597684373349
"BH",0.2,NA
"FD",0.251918585251919,0.101859306822963
"JS",0.258333333333333,0.20953357961829
"LC",0.1875,0.104858811600983
"LH",0.208333333333333,0.110239637961025
"LR",0.266666666666667,0.129099444873581
"OB",0.25,NA
"TO",0.319444444444444,0.110763344652094
"WC",0.116666666666667,0.0456435464587638
"WS",0.572375905212908,0.38346147208084
